method,rouge1,rouge2,rougeL,rougeLsum
QLoRA Fine-tuned,0.1878671303277522,0.04196574855622065,0.1187665772256457,0.15623820147416884
